<?xml version="1.0" encoding="UTF-8"?>
<project-private xmlns="http://www.netbeans.org/ns/project-private/1">
    <editor-bookmarks xmlns="http://www.netbeans.org/ns/editor-bookmarks/2" lastBookmarkId="0"/>
    <open-files xmlns="http://www.netbeans.org/ns/projectui-open-files/2">
        <group>
            <file>file:/C:/Users/alejo/OneDrive/Desktop/Fla/src/Presentaciones/IniciarInternal.java</file>
            <file>file:/C:/Users/alejo/OneDrive/Desktop/Fla/src/Presentaciones/Inise.java</file>
            <file>file:/C:/Users/alejo/OneDrive/Desktop/Fla/src/Presentacion/flayerfinal/FlayerPanel.java</file>
            <file>file:/C:/Users/alejo/OneDrive/Desktop/Fla/src/Presentacion/flayerfinal/ResolucioóndeLítigosyOficina.java</file>
            <file>file:/C:/Users/alejo/OneDrive/Desktop/Fla/src/Presentaciones/LitigosInternal.java</file>
            <file>file:/C:/Users/alejo/OneDrive/Desktop/Fla/src/Presentaciones/FromIniciar.java</file>
        </group>
    </open-files>
</project-private>
